{"cameraMode":{"drawMode":0,"name":"Shaded","section":"Shading Mode"},"sceneLighting":true,"audioPlay":false,"sceneViewState":{"m_AlwaysRefresh":false,"showFog":true,"showSkybox":true,"showFlares":true,"showImageEffects":true,"showParticleSystems":true,"showVisualEffectGraphs":true,"m_FxEnabled":true},"in2DMode":false,"pivot":{"x":8.915645599365235,"y":4.052867889404297,"z":-0.9782371520996094},"rotation":{"x":0.012145472690463066,"y":0.9877942204475403,"z":-0.10441049933433533,"w":0.11490128934383393},"size":11.61504077911377,"orthographic":false}