{"cameraMode":{"drawMode":0,"name":"Shaded","section":"Shading Mode"},"sceneLighting":true,"audioPlay":false,"sceneViewState":{"m_AlwaysRefresh":false,"showFog":true,"showSkybox":true,"showFlares":true,"showImageEffects":true,"showParticleSystems":true,"showVisualEffectGraphs":true,"m_FxEnabled":true},"in2DMode":false,"pivot":{"x":581.9376831054688,"y":680.8418579101563,"z":869.1542358398438},"rotation":{"x":-0.13087928295135499,"y":0.038740310817956927,"z":0.01062087994068861,"w":0.990554928779602},"size":1019.3966674804688,"orthographic":false}